time,row,col,team_icecon,bootstrap_icecon,visual_ice,melt_frac,thin_ice_frac,water_frac,land_frac,snow_frac,sea_ice_se,melt_se,thin_ice_se,water_se,cloud_qa_pixels,total_pixels,sensor,area,expected_area,coverage_frac,x,y,month,year,dayofyear,distance,visual_icecon,team_error,bootstrap_error,Lat,Lon,team_abs_error
2023-04-26,50,252,1.0,0.0,0.5833980519780916,0.0004027021210546,8.136049387147554e-05,0.0001440118743929,0.0,0.4159738735325894,2.1569159895920455e-05,1.7281060303390963e-05,9.356500819306783e-06,1.1965254547185167e-05,0.0,896603.6990692647,Landsat9,604505128.4502722,608592236.1899185,0.993284324878619,-2587500.0,-462500.0,4,2023,116,0.0,0.9996141056743,0.00038589432570002025,-0.9996141056743,66.07524930346773,-124.86574875069574,0.00038589432570002025
2022-04-23,221,181,0.84,1.0,0.091859500897072,0.0001108035385639,1.1806757188856224e-05,1.2072224304009046e-05,0.0,0.9080058165828712,5.850236920033488e-06,5.245505556472071e-06,2.573662066964053e-06,2.5997825872101808e-06,0.0,1752155.2956426423,Sentinel2,622034257.1978892,626682558.0725403,0.9925826866971572,1687500.0,1312500.0,4,2022,113,0.0,0.9997404294423194,-0.15974042944231948,0.00025957055768055515,70.44914804268684,82.8749835871888,0.15974042944231948
2019-10-06,50,252,0.868,0.0,0.0003240369839547,0.0010931139018109,0.0053836486506727,0.5772414922065678,0.3900906253669173,0.0258670828900763,1.8803414435366124e-05,3.263601496572058e-05,5.919570372477704e-05,6.037820690462754e-05,0.0,896638.5435873686,Sentinel2,604505128.4502766,608592236.1899185,0.9932843248786262,-2587500.0,-462500.0,10,2019,279,0.0,0.0024264525117458154,0.8655735474882542,-0.0024264525117458154,66.07524930346773,-124.86574875069574,0.8655735474882542
2020-07-03,142,320,0.772,0.0,0.0004083718089605,0.0013959586372134,0.004018488403937,0.5930026301487261,0.3845898853281947,0.0165846656729681,1.8822943802304458e-05,2.9259825219520727e-05,4.5507090237326864e-05,4.795876219641656e-05,0.0,943102.0004245735,Sentinel2,620592203.6788746,625193091.0128937,0.9926408538415468,-287500.0,-2162500.0,7,2020,185,10119.51702094894,0.0030131158406686283,0.7689868841593314,-0.0030131158406686283,70.05718050231116,-52.57294857823765,0.7689868841593314
2019-03-12,221,181,1.0,0.947,0.0917015945943657,4.901805652471359e-05,2.0271549961298e-05,0.0002232992206386,0.0,0.9080058165785097,1.052787128963819e-05,5.226203879769103e-06,3.3806704382451917e-06,9.298097362849242e-06,0.0,1752155.295651059,Sentinel2,622034257.1978892,626682558.0725403,0.9925826866971572,1687500.0,1312500.0,3,2019,71,0.0,0.9973523242281095,0.002647675771890512,-0.050352324228109535,70.44914804268684,82.8749835871888,0.002647675771890512
2019-09-09,142,320,0.716,0.0,0.0003128486292543,0.0012370271375358,0.0029672368688067,0.594446630921471,0.3735914760491124,0.0274447803938195,1.4988931265192653e-05,2.4848688647557425e-05,3.917779804211514e-05,3.9925392508541594e-05,0.0,943427.2225769848,Sentinel2,620592203.6788746,625193091.0128937,0.9926408538415468,-287500.0,-2162500.0,9,2019,252,10119.51702094894,0.0025875952984830888,0.7134124047015169,-0.0025875952984830888,70.05718050231116,-52.57294857823765,0.7134124047015169
2017-07-18,221,181,0.804,0.986,0.0002337183678782,0.0009342186892994,0.0039080847433716,0.0869181596579757,0.8007068660319269,0.1072989525095481,1.1402460278120389e-05,2.1858190916335224e-05,3.670867083893477e-05,3.812657056932638e-05,0.0,1752155.2918631756,Sentinel2,622034257.1978892,626682558.0725403,0.9925826866971572,1687500.0,1312500.0,7,2017,199,0.0,0.01269577095703772,0.7913042290429624,0.9733042290429623,70.44914804268684,82.8749835871888,0.7913042290429624
2018-04-20,142,320,0.888,1.0,0.4760371424744353,0.0482477050935712,0.0682522247828137,0.0064266713290634,0.0171432282674261,0.3838930280526901,6.24895408544362e-05,7.648685334334515e-05,8.096103714589442e-05,6.407188938712668e-05,0.0,943427.2228659056,Sentinel2,620592203.6788746,625193091.0128937,0.9926408538415468,-287500.0,-2162500.0,4,2018,110,10119.51702094894,0.8753198388051524,0.012680161194847606,0.1246801611948476,70.05718050231116,-52.57294857823765,0.012680161194847606
2022-05-08,221,181,0.924,1.0,0.0919079164271505,6.590922027113531e-05,1.018474597403216e-05,1.01730238363773e-05,0.0,0.908005816582768,5.595418164168614e-06,4.88594311644772e-06,2.3930157673988703e-06,2.391719133599598e-06,0.0,1752155.2956428418,Sentinel2,622034257.1978892,626682558.0725403,0.9925826866971572,1687500.0,1312500.0,5,2022,128,0.0,0.9997787059023285,-0.07577870590232849,0.00022129409767146502,70.44914804268684,82.8749835871888,0.07577870590232849
2015-05-23,221,182,1.0,1.0,0.0670757308027923,0.0164012145939882,0.0104883931522356,0.0020638112411866,0.0254087595205011,0.878562090689296,2.79912574228102e-05,5.373901034924011e-05,5.124344554064204e-05,2.7047743098292928e-05,22.0,1750091.6873824762,Landsat8,622531989.804048,627196707.8596191,0.9925625916126216,1687500.0,1287500.0,5,2015,143,0.0,0.86928756090369,0.13071243909631003,0.13071243909631003,70.5861032246292,82.34229023606125,0.13071243909631003
2022-07-29,192,339,0.0,0.0,0.0001439811761381,0.0001600427015817,0.0001696008920428,0.9995263752302372,0.0,0.0,1.4674680976921916e-05,1.5471839152827407e-05,1.592729034701947e-05,2.659802875967574e-05,0.0,668148.5669628825,Landsat8,597419053.0400848,601288617.1537628,0.9935645478672208,962500.0,-2637500.0,7,2022,210,66792.9263269246,0.0003040238777198,-0.0003040238777198,-0.0003040238777198,64.49469250275445,-24.951512288561602,0.0003040238777198
2015-05-04,233,285,0.0,0.0,6.860973550105404e-05,8.467125922091348e-05,9.42294573666854e-05,0.9997524895479114,0.0,0.0,9.993221056793009e-06,1.110138700995244e-05,1.1711177040953704e-05,1.8979032884098645e-05,0.0,686979.7024942866,Landsat8,614167704.3340636,618560081.0177002,0.9928990298300372,1987500.0,-1287500.0,5,2015,124,45650.490683146745,0.00015328099472196752,-0.00015328099472196752,-0.00015328099472196752,68.3890164398952,12.064884476906224,0.00015328099472196752
2021-10-14,192,339,0.0,0.0,0.0006189578471866,0.0008229251848827,0.0253418410258655,0.9732162759420652,0.0,0.0,3.0189102113778094e-05,3.472585073542051e-05,0.000122506315709,0.0001203315178627,0.0,667718.6672625866,Landsat8,597419053.0400848,601288617.1537628,0.9935645478672208,962500.0,-2637500.0,10,2021,287,66792.9263269246,0.0014418830320693,-0.0014418830320693,-0.0014418830320693,64.49469250275445,-24.951512288561602,0.0014418830320693
2022-03-13,233,285,0.0,0.0,7.746256450383856e-05,0.0001223659621677,0.0116445085845806,0.988155662888748,0.0,0.0,1.0617875544067945e-05,1.333792766970422e-05,0.0001291685733724,0.0001302541193712,0.0,686979.7076838268,Landsat8,614167704.3340636,618560081.0177002,0.9928990298300372,1987500.0,-1287500.0,3,2022,72,45650.490683146745,0.00019982852667153856,-0.00019982852667153856,-0.00019982852667153856,68.3890164398952,12.064884476906224,0.00019982852667153856
2018-07-17,232,278,0.0,0.0,7.842493018743827e-05,0.0001072268072423,0.0004736470900835,0.9993407011724867,0.0,0.0,1.0643740717813962e-05,1.237706632798023e-05,1.881858939773259e-05,2.390412921578201e-05,86.0,691141.5012943323,Landsat8,618082706.5870981,622601618.1427307,0.9927418891568048,1962500.0,-1112500.0,7,2018,198,13118.313441684655,0.00018565173742973826,-0.00018565173742973826,-0.00018565173742973826,69.39116491352807,15.452010736338101,0.00018565173742973826
2016-08-29,196,338,0.0,0.0,6.821254111052698e-05,8.429075693767157e-05,9.576231955065525e-05,0.9997517343824012,0.0,0.0,1.010765337838753e-05,1.123579057193512e-05,1.188900548645893e-05,1.922156655841002e-05,0.0,667621.4577194763,Landsat8,596905333.4730201,600759333.4881439,0.9935847854535248,1062500.0,-2612500.0,8,2016,242,7665.808020039202,0.00015250329804819855,-0.00015250329804819855,-0.00015250329804819855,64.38333489116337,-22.8684950688546,0.00015250329804819855
2023-04-02,232,278,0.0,0.0,7.529466759039989e-05,0.000103686403556,0.0003027455102161,0.9995182734186372,0.0,0.0,1.0428205078736288e-05,1.2145634468233702e-05,1.5503751029985564e-05,2.1452971996038437e-05,63.48627450980392,691164.0114250522,Landsat9,618082706.5870981,622601618.1427307,0.9927418891568048,1962500.0,-1112500.0,4,2023,92,13118.313441684655,0.0001789810711463999,-0.0001789810711463999,-0.0001789810711463999,69.39116491352807,15.452010736338101,0.0001789810711463999
2024-06-10,196,338,0.0,0.0,0.0009920671771509,0.0010391171388659,0.0063528009017715,0.9916160147822116,0.0,0.0,3.8526307241931465e-05,3.941627288232965e-05,8.415490182409233e-05,9.911124975427972e-05,0.0,667105.3000680078,Landsat9,596905333.4730201,600759333.4881439,0.9935847854535248,1062500.0,-2612500.0,6,2024,162,7665.808020039202,0.0020311843160168,-0.0020311843160168,-0.0020311843160168,64.38333489116337,-22.8684950688546,0.0020311843160168
2023-08-01,192,339,0.0,0.0,6.816926030555569e-05,8.423078359293298e-05,9.378897607126817e-05,0.9997538109800304,0.0,0.0,1.0100502179330544e-05,1.1227436523723994e-05,1.184728973132625e-05,1.9192214603964125e-05,0.0,668148.5675351598,Landsat8,597419053.0400794,601288617.1537628,0.9935645478672118,962500.0,-2637500.0,8,2023,213,66792.9263269246,0.00015240004389848868,-0.00015240004389848868,-0.00015240004389848868,64.49469250275445,-24.951512288561602,0.00015240004389848868
2014-04-08,234,287,0.0,0.0,7.068435472179369e-05,8.740348173139444e-05,0.0002112669152187,0.9996306452483282,0.0,0.0,1.0155297807016396e-05,1.129188713102638e-05,1.4376204181423882e-05,2.074220538074781e-05,0.0,685131.2580839705,Landsat8,612434124.85148,616770997.170044,0.9929684237124266,2012500.0,-1337500.0,4,2014,98,39999.744133597,0.00015808783645318813,-0.00015808783645318813,-0.00015808783645318813,67.95824478259478,11.39213589014745,0.00015808783645318813
