time,row,col,team_icecon,bootstrap_icecon,visual_ice,melt_frac,thin_ice_frac,water_frac,land_frac,snow_frac,sea_ice_se,melt_se,thin_ice_se,water_se,cloud_qa_pixels,total_pixels,sensor,area,expected_area,coverage_frac,x,y,month,year,dayofyear,distance,visual_icecon,team_error,bootstrap_error
2018-03-25,188,292,0.5760000000000001,0.741,0.6703717416856647,0.2898628515206102,0.0315628050107424,0.0082026017829827,0.0,0.0,0.0002061083772785,0.0002075656862134,0.0001332026147099,0.0001051043895066,0.0,708381.961893802,Sentinel2,633012949.6381705,640236692.0184326,0.9887170753093074,862500.0,-1462500.0,3,2018,84,129716.06112860936,0.9602345932062748,-0.3842345932062748,-0.2192345932062749
2021-04-24,133,337,0.412,0.553,0.3858646222941577,0.3231175530408621,0.1099338815026381,0.1810839431623419,0.0,0.0,0.0002320953273952,0.0002520752049041,0.0002070478135746,0.0001663076027505,0.0,675281.2436555341,Sentinel2,604147456.6423104,608223455.8550797,0.9932985168961644,-512500.0,-2587500.0,4,2021,114,98951.5117509071,0.7089821753350198,-0.2969821753350198,-0.1559821753350198
2024-08-02,231,215,0.0,0.0,0.0288708881796532,0.2146542002005386,0.1063629655483436,0.6501119460714643,0.0,0.0,0.0001998719858954,0.000485362074525,0.0003580263624,0.0005511874336079,0.0,701113.7545081158,Sentinel2,626670224.9678501,631472475.4615326,0.9923951546895649,1937500.0,462500.0,8,2024,215,66344.42069851782,0.2435250883801918,-0.2435250883801918,-0.2435250883801918
2022-09-24,90,266,0.212,0.42,0.0146017644804427,0.0849625971792802,0.3284958100656808,0.1503618802118835,0.1194134945058149,0.3021644535568978,0.0001180153763226,0.0002324575150571,0.0002784198538041,0.0002455264410439,0.0,972718.717069404,Sentinel2,606707004.3235316,637815688.0968323,0.9512262173009176,-1587500.0,-812500.0,9,2022,267,11373.171688179693,0.1721309921125166,0.0398690078874833,0.2478690078874833
2022-03-10,72,173,0.892,1.0,0.3637711765426146,0.0036308402990939,0.0003729235428304,0.0001316188846606,0.0,0.6320934407308002,1.9377727247552497e-05,2.220224596060055e-05,1.5978731825236253e-05,1.0698789437951995e-05,0.0,1100949.1763379206,Sentinel2,607969379.6803008,612164785.5067444,0.993146607048018,-2037500.0,1512500.0,3,2022,69,22522.90018456741,0.9986286125789832,-0.1066286125789832,0.0013713874210167
2018-04-04,225,224,0.364,0.603,0.444786703114554,0.2958938878872852,0.2430672820999639,0.0162521268981966,0.0,0.0,0.0002540818642788,0.0002819370121292,0.0002324335353836,0.0001480032877544,0.0,707515.319409028,Sentinel2,632247344.23,637237884.2279053,0.992168481941478,1787500.0,237500.0,4,2018,94,44795.46048882674,0.7406805910018393,-0.3766805910018392,-0.1376805910018392
2019-07-06,195,222,0.904,1.0,0.5615139209735177,0.1571510352304748,0.0131759218770142,0.0121357279623577,0.0110691393714669,0.2449542545851686,0.0002596202733471,0.0002597179779956,0.0001114066319347,0.0001085360268454,0.0,921940.0000732618,Landsat8,648961801.6520345,654536963.9147339,0.9914822804974148,1037500.0,287500.0,7,2019,187,0.0,0.9659778954959553,-0.0619778954959551,0.0340221045040448
2023-07-08,179,207,0.992,1.0,0.6020228243783201,0.3399380541207533,0.0329495387994028,0.0250895827015236,0.0,0.0,0.0003565786466223,0.0003589295626604,0.0001635991242679,0.0001571325065533,0.0,729641.0574884182,Landsat9,651523473.7354648,657190943.5687256,0.991376220429203,637500.0,662500.0,7,2023,189,36252.25868485291,0.9419608784990734,0.0500391215009266,0.0580391215009266
2021-04-23,88,335,0.916,0.932,0.6262060483797175,0.0613542397827145,0.0472949228205203,0.0308260104193419,0.016666439815591,0.2176523387821146,9.275353203227922e-05,0.0001137201364572,0.0001049517026566,8.6689317729248e-05,0.0,752602.9496096703,Sentinel2,588587539.7055932,592193418.3547058,0.9939109781747816,-1637500.0,-2537500.0,4,2021,113,2657.1634084306725,0.8979719874848321,0.0180280125151679,0.0340280125151679
2020-07-19,235,213,0.0,0.0,7.415517780623103e-05,8.841801202158415e-05,9.977489426114904e-05,0.9997376519159112,0.0,0.0,1.031247840569058e-05,1.1260564358451157e-05,1.196184836884061e-05,1.9394944787393025e-05,0.0,697230.0675435576,Sentinel2,623231708.5182233,627919551.379776,0.9925343256930736,2037500.0,512500.0,7,2020,201,26547.81021969317,0.0001625731898278,-0.0001625731898278,-0.0001625731898278
2019-05-09,257,250,0.06,0.0,7.465323183529339e-05,8.891606633239728e-05,0.0001002729486627,0.9997361577531696,0.0,0.0,1.0505757761288288e-05,1.1465431261308795e-05,1.2175586108596531e-05,1.974889707642572e-05,0.0,676328.5748245138,Sentinel2,604826379.4535501,608923476.1851654,0.9932715737003882,2587500.0,-412500.0,5,2019,129,33347.5228686381,0.0001635692981676,0.0598364307018323,-0.0001635692981676
2022-05-10,96,293,0.952,0.925,0.3608845996410793,7.991907792855152e-05,2.4015258020599603e-05,2.4015258020599603e-05,0.0,0.638987450764951,1.0213099791076729e-05,8.072314098744228e-06,4.42537501125102e-06,4.42537501125102e-06,0.0,1226191.235566097,Landsat8,624269023.9691186,628991245.9544678,0.9924923883826342,-1437500.0,-1487500.0,5,2022,130,7555.128193940305,0.9998669561040386,-0.0478669561040386,-0.0748669561040386
2018-04-13,199,205,1.0,1.0,0.9722782827909692,0.0153848196410731,0.0100864329539696,0.0022504646139881,0.0,0.0,9.777564445493644e-05,9.62948334904482e-05,6.383347734649165e-05,5.438336752309394e-05,0.0,720741.2338961595,Sentinel2,643761776.8635384,649151777.4050903,0.9916968562219796,1137500.0,712500.0,4,2018,103,189061.74775056803,0.9876631024320424,0.0123368975679577,0.0123368975679577
2022-10-16,68,260,0.0,0.0,0.0214209370694207,0.0239695686921445,0.3810200200351196,0.5735894742033151,0.0,0.0,0.0001739961967294,0.0001835729831628,0.0005638072497414,0.0005734437306218,0.0,691944.7643499463,Sentinel2,618699197.6362331,623238184.7755127,0.9927170907525276,-2137500.0,-662500.0,10,2022,289,3958.590620010832,0.0453905057615652,-0.0453905057615652,-0.0453905057615652
2016-04-28,169,267,0.992,0.958,0.1852434069597158,0.0004966287895276,3.031539812239362e-05,2.86041406166931e-05,0.0003337011988303,0.8138673435131871,7.755719364597078e-06,6.874666102673021e-06,3.5175574882348957e-06,3.4376661458508933e-06,77.0,2373380.7453372073,Landsat8,651472253.2721741,657137871.6356812,0.99137834142871,387500.0,-837500.0,4,2016,119,0.0,0.9996828855218918,-0.0076828855218917,-0.0416828855218918
2018-05-04,117,252,1.0,0.976,0.9996390282773838,0.0002240748156004,6.697983020509693e-05,6.991707681064682e-05,0.0,0.0,2.217336549579519e-05,1.7501561857044845e-05,9.592267958117872e-06,9.74683227234479e-06,0.0,727781.1010132192,Sentinel2,649878638.6081492,655486755.1552734,0.991444348031417,-912500.0,-462500.0,5,2018,124,133868.68806037636,0.9998631030929842,0.0001368969070157,-0.0238631030929842
2021-04-11,148,363,0.008,0.0,0.006718449677754,0.0118486845338566,0.0152288534426807,0.7611188800828192,0.0429158044015533,0.1621693278613358,5.788768268060714e-05,8.48601139226081e-05,0.0001001391996625,0.0001111354262397,0.0,722637.7513975792,Sentinel2,578962436.1449683,582290277.4703312,0.994284910028345,-137500.0,-3237500.0,4,2021,101,25974.353954145085,0.0233573870173868,-0.0153573870173868,-0.0233573870173868
2022-10-08,265,289,0.0,0.0,8.388265689159084e-05,9.822950510330336e-05,0.000111535545297,0.999706352292708,0.0,0.0,1.1329733042648156e-05,1.2260124892245262e-05,1.2981254167851293e-05,2.1137595530685093e-05,0.0,653403.6471357542,Sentinel2,584548847.8704358,588036879.6547699,0.9940683451922576,2787500.0,-1387500.0,10,2022,281,47561.89998246383,0.0001821121619948,-0.0001821121619948,-0.0001821121619948
2018-04-20,202,193,1.0,1.0,0.9662650087786856,0.0249146079211809,0.0078146892883762,0.0010056940117571,0.0,0.0,6.606062491546558e-05,7.589704992907691e-05,5.887099017316406e-05,3.682993764711387e-05,0.0,714386.8967675456,Sentinel2,638214888.4256669,643410646.9070435,0.9919246619459078,1212500.0,1012500.0,4,2018,110,45362.05206185375,0.9911796166998664,0.0088203833001334,0.0088203833001334
2018-08-14,62,323,0.0,0.0,0.0009518927879907,0.0010033639842206,0.0022485204605524,0.995796222767236,0.0,0.0,3.827798101308201e-05,3.9256592714213097e-05,4.869302156497607e-05,7.208139550957175e-05,0.0,648787.2546018196,Sentinel2,580766826.8430544,584146052.1972656,0.9942151019569502,-2287500.0,-2237500.0,8,2018,226,176223.02186700993,0.0019552567722113,-0.0019552567722113,-0.0019552567722113
2021-09-02,193,297,0.0,0.0,7.329552323648972e-05,8.755852195167142e-05,9.897355925282392e-05,0.9997401723955592,0.0,0.0,1.03171329323462e-05,1.1276304794950213e-05,1.1988741074728902e-05,1.942362644147979e-05,0.0,688529.8252709258,Sentinel2,615389622.524801,635267083.4677429,0.9687100725659568,987500.0,-1587500.0,9,2021,245,227422.8118168429,0.0001608540451881,-0.0001608540451881,-0.0001608540451881
2018-08-01,97,279,0.732,0.927,0.1191239383602198,0.809771286387551,0.0244712670468314,0.0464426054601796,0.0001599292113853,3.0973533832840966e-05,0.0001972149907794,0.0002067307602093,0.0001206895462711,0.0001115642153753,0.0,707371.7852090179,Sentinel2,631953561.7168968,636934098.8134766,0.9921804514692212,-1412500.0,-1137500.0,8,2018,213,0.0,0.9290725872551848,-0.1970725872551848,-0.0020725872551847
2018-06-11,142,167,0.96,1.0,0.8176847235819045,0.155489393191837,0.0134149826171578,0.0134109006091005,0.0,0.0,0.0004156502439197,0.0003941865279278,0.0001358750998858,0.0001358564735977,0.0,711354.4103834543,Landsat8,635433006.1596866,640532615.1794434,0.99203848656742,-287500.0,1662500.0,6,2018,162,28083.899133095652,0.9731741167737414,-0.0131741167737414,0.0268258832262585
2016-03-30,175,334,0.8240000000000001,0.934,0.8390270466625622,0.077506877148434,0.0278158697173257,0.055650206471678,0.0,0.0,0.0002271018023188,0.0001920435223116,0.0001284326969544,0.0002140136737282,0.0,678260.3854130658,Landsat8,606768359.3646398,610926074.370636,0.9931944057056667,537500.0,-2512500.0,3,2016,90,73270.21627475625,0.9165339238109962,-0.0925339238109961,0.0174660761890038
2023-05-27,186,314,0.812,0.942,0.6298482635194276,0.0150687018726991,0.014366487998452,0.0018569755665461,0.0012974061530969,0.3375621648897779,4.2596531284416895e-05,7.125461469320143e-05,6.938909703247267e-05,3.6348060303808894e-05,17.0,894103.7342126677,Landsat8,620964187.3501834,625577283.7110901,0.9926258569787882,812500.0,-2012500.0,5,2023,147,1983.1355013417551,0.9754613954094606,-0.1634613954094605,-0.0334613954094606
2019-07-04,184,300,0.528,0.605,0.1792253288616011,0.4807226644288834,0.0807805856689217,0.2592714210405937,0.0,0.0,0.0002083773043259,0.0002380359120039,0.0001882355815279,0.0001622536183589,0.0,706636.2014601168,Sentinel2,631513248.2498857,636478811.1842041,0.9921983845383954,762500.0,-1662500.0,7,2019,185,39123.15523410528,0.6599479932904845,-0.1319479932904844,-0.0549479932904845
2022-05-12,139,298,1.0,1.0,0.7351661483323215,0.0033933665919206,0.0004024336784854,0.0002864696845232,0.0008959294301368,0.2598556522826122,3.048075220172982e-05,2.885909394190074e-05,1.775262358112764e-05,1.6009508195630084e-05,0.0,881761.5002452407,Landsat8,636341846.4525326,641472774.650177,0.992001331310682,-362500.0,-1612500.0,5,2022,132,672.5758637878182,0.9990681030273896,0.0009318969726103,0.0009318969726103
2022-07-26,144,164,0.092,0.0,0.0128069077955662,0.0186725052056318,0.5657565268729996,0.2869045218306153,0.111726732662295,0.0041328056328919,0.0001271717033125,0.0001522678205407,0.0004573496466399,0.0004537293200052,9.0,773990.6555775162,Landsat8,633630826.536751,638668597.6929932,0.9921120731871904,-237500.0,1737500.0,7,2022,207,22773.815189464167,0.0356045383790024,0.0563954616209975,-0.0356045383790024
2018-09-11,227,218,0.0,0.0,0.0006168471127975,0.0018655645658474,0.0181408839778509,0.979376704343504,0.0,0.0,2.89013895005398e-05,4.867028638825431e-05,8.265797490446008e-05,7.766628791425568e-05,0.0,704186.006110231,Sentinel2,628829217.0220358,635015067.4268188,0.9902587344425556,1837500.0,387500.0,9,2018,254,8382.6095825752,0.0024824116786449,-0.0024824116786449,-0.0024824116786449
2022-09-18,56,156,0.0,0.0,0.0021086855941556,0.0031761751639735,0.0138826249973978,0.9808325142444728,0.0,0.0,4.5325694444439864e-05,6.47267199513396e-05,9.299480882611276e-05,0.000101601663468,0.0,653120.832640536,Sentinel2,584548848.1268209,588036879.9135742,0.9940683451907542,-2437500.0,1937500.0,9,2022,261,159420.52644333578,0.0052848607581291,-0.0052848607581291,-0.0052848607581291
2020-08-16,177,209,0.104,0.0,0.0033282518617401,0.0151821884817004,0.1205371425337859,0.8609524171227734,0.0,0.0,6.662878212178726e-05,9.590394386375616e-05,0.0002074780878872,0.0001925514453001,0.0,730874.8543515577,Sentinel2,652548158.9936966,658252755.3352051,0.9913337296421896,587500.0,612500.0,8,2020,229,105650.4249801706,0.0185104403434404,0.0854895596565595,-0.0185104403434404
2024-05-30,83,195,0.9,1.0,0.8579438222427619,0.1023253718114517,0.0293990093517987,0.0103317965939874,0.0,0.0,0.0001029510006875,0.0001452114679868,0.0001258260727309,9.455168131954368e-05,0.0,700533.4325664947,Sentinel2,626167658.7633011,630953107.760315,0.992415523533911,-1762500.0,962500.0,5,2024,151,176164.33775293513,0.9602691940542136,-0.0602691940542136,0.0397308059457863
2021-04-20,131,302,1.0,1.0,0.9672416092867522,0.0278686847374278,0.0034064397141172,0.0014832662617026,0.0,0.0,9.926173113643291e-05,9.150535426998546e-05,5.156110821496034e-05,4.5119702530744976e-05,0.0,707307.9319165676,Sentinel2,632099761.1219033,637258146.9180908,0.9919053435077536,-562500.0,-1712500.0,4,2021,110,177396.43604368225,0.99511029402418,0.00488970597582,0.00488970597582
2021-04-26,69,257,0.996,1.0,0.9973883591283458,0.0022548189092777,0.0002124099141675,0.0001444120482088,0.0,0.0,2.8821294296891216e-05,2.6464289220562175e-05,1.533836544087328e-05,1.4222029887310184e-05,0.0,693984.9791077797,Landsat8,620220547.4502898,624809251.3535614,0.992655832330698,-2112500.0,-587500.0,4,2021,116,53171.29171163256,0.9996431780376236,-0.0036431780376234,0.0003568219623765
2021-07-04,85,261,0.884,1.0,0.3017020764800689,0.3738386965335294,0.0212462677907044,0.0189718287928807,0.2793734963365744,0.0048676340662419,0.0002278331833975,0.0002557460760958,0.0001410095918922,0.000127806757273,0.0,883543.1438260842,Sentinel2,631044076.19211,635993706.6798401,0.992217485117,-1712500.0,-687500.0,7,2021,185,25583.77930829989,0.9438105508825626,-0.0598105508825625,0.0561894491174373
2021-08-03,117,156,0.064,0.0,0.010274887646759,0.0274830060175223,0.5194933167431746,0.1308767488123406,0.271904102521547,0.0399679382586563,0.0001073157431586,0.0001722090527719,0.000354779964917,0.0003190997934783,0.0,876934.6660168099,Sentinel2,621909913.4882165,626554117.2281799,0.9925877053357992,-912500.0,1937500.0,8,2021,215,7753.421247415698,0.0548704541915306,0.0091295458084693,-0.0548704541915306
2020-06-03,88,322,0.98,0.999,0.8919585386711771,0.0844519015864594,0.020732901081172,0.0028566586611912,0.0,0.0,0.0001089828345879,0.0001200243560829,8.355099162769979e-05,6.276322819225613e-05,0.0,668778.1759742966,Sentinel2,598452133.8536632,603571527.7042542,0.991518165427612,-1637500.0,-2212500.0,6,2020,155,63518.49875121171,0.9764104402576366,0.0035895597423634,0.0225895597423634
2022-08-06,99,323,0.0,0.0,0.0029850026965516,0.0084351331723552,0.1135115370661466,0.8750683270649463,0.0,0.0,6.607110710751792e-05,0.0001093703500788,0.0002489184178702,0.0002438217428232,0.0,676117.6857398588,Sentinel2,604844745.3544313,608942413.4610596,0.9932708446381024,-1362500.0,-2237500.0,8,2022,218,58127.00444456961,0.0114201358689068,-0.0114201358689068,-0.0114201358689068
2019-05-26,110,349,0.912,0.967,0.6298030533687603,0.2516246104206074,0.0161164571062916,0.0167611023008471,0.03592963165117,0.0497651451523233,0.0002535026267875,0.0002496044829017,0.0001298452009712,0.0001306299632717,0.0,685732.3237578821,Sentinel2,585773713.5441133,589297305.293045,0.9940206891881516,-1087500.0,-2887500.0,5,2019,146,932.9571351475448,0.9640409366883024,-0.0520409366883023,0.0029590633116975
2015-04-02,107,272,0.94,0.968,0.7139264488082399,0.0075861325728058,0.0065016598846188,0.0028440304022861,0.0001221585653362,0.2690195697667131,5.946537736983434e-05,5.784854582883224e-05,4.28335941193052e-05,4.104337595875162e-05,0.0,900468.9904240959,Landsat8,639946387.2584498,645202418.0973511,0.991853671512266,-1162500.0,-962500.0,4,2015,92,13047.88803822235,0.9872127187319416,-0.0472127187319416,-0.0192127187319416
