system:index,area,cloud_qa_pixels,column,date,land_frac,melt_frac,melt_se,row,sea_ice_frac,sea_ice_se,sensor,snow_frac,thin_ice_frac,thin_ice_se,total_pixels,water_frac,water_se,.geo
00000000000000001782,622800240.6654867,0.0,168,2019-06-12,0.0,0.334862616892441,0.00026170713458998523,100,0.6161167394824438,0.00024002556378982328,Sentinel2,0.0,0.0322995001033569,0.0001617991195475976,696875.7626976559,0.0167211435217581,0.00013799178651504885,"{""type"":""Polygon"",""coordinates"":[[[174.289406836213,70.5026694028014],[174.718759346246,70.6758648664708],[174.193273065925,70.8185764997221],[173.765519875048,70.6440098208911],[174.289406836213,70.5026694028014]]]}"
00000000000000003d54,647935212.6772467,0.0,208,2023-03-25,0.0,0.0344369710170551,0.00010287567892154745,191,0.9466052464527672,0.00011751424885514152,Sentinel2,0.0,0.0148361228868476,7.233095791606969e-05,725625.5022699966,0.00412165964333,7.28983963531219e-05,"{""type"":""Polygon"",""coordinates"":[[[80.0958162410197,79.5908090344044],[79.0459367330439,79.7207333857513],[78.3407067383025,79.5302377039237],[79.3803441857766,79.4026975962325],[80.0958162410197,79.5908090344044]]]}"
00000000000000002bf4,644466354.6547319,0.0,182,2020-06-25,0.0,0.7110063547776689,0.00040475078752835167,144,0.2194563478234119,0.0003661048455604862,Sentinel2,0.0,0.0392749611612676,0.0002023516154892931,721531.9641762493,0.0302623362376514,0.00019309350903488028,"{""type"":""Polygon"",""coordinates"":[[[145.885526740901,77.8233531516797],[146.093722668278,78.04748559828771],[145.007979481227,78.0893043118365],[144.819300346473,77.8643777215327],[145.885526740901,77.8233531516797]]]}"
00000000000000001872,612172368.0409968,6.0,315,2013-07-23,0.0,0.8428106317065533,0.00023306760637783648,101,0.1399961855929059,0.0002264400465407444,Landsat8,0.0,0.0094177899568887,0.00011033425073757528,684672.6576637448,0.0077753927436522,0.00010361664714313394,"{""type"":""Polygon"",""coordinates"":[[[-78.197565762285,67.9268624483129],[-77.8762617227009,67.7402771077047],[-77.380677675493,67.8602723489439],[-77.6994610894214,68.0479771173002],[-78.197565762285,67.9268624483129]]]}"
00000000000000000aa6,584219033.9418914,0.0,173,2017-09-15,0.0,0.00015955501856026433,1.5406768928972525e-05,76,0.0001023499734942872,1.2493110731702684e-05,Sentinel2,0.0,0.0009197742144894948,2.5187176987252105e-05,653611.915902763,0.998818320793456,2.951985612688439e-05,"{""type"":""Polygon"",""coordinates"":[[[-173.12698858249772,67.48153387788746],[-172.8840772736604,67.47552662774886],[-172.568592009894,67.5689477045133],[-172.926462306345,67.74483534410349],[-173.386539500555,67.6073995163194],[-173.12698858249772,67.48153387788746]]]}"
00000000000000000799,583571650.5858941,0.0,139,2021-09-03,0.0,8.978981297163632e-05,1.1736703972179708e-05,71,7.55269784136749e-05,1.0764314789545171e-05,Sentinel2,0.0,0.00010114669531984696,1.245679237878555e-05,651766.0608068767,0.9997335365132948,2.021721048251462e-05,"{""type"":""Polygon"",""coordinates"":[[[176.143199010649,61.4678979946931],[176.443818902186,61.63120058292841],[176.09950625364,61.77466417532781],[175.799377791191,61.6104032312469],[176.143199010649,61.4678979946931]]]}"
000000000000000031c1,593336236.8846394,0.0,349,2021-01-23,0.0,0.0188218296366609,0.00016609795522894323,167,0.0119478165183929,0.00013323064607728596,Sentinel2,0.0,0.8210591143623404,0.0004324541566353449,662909.1217072986,0.1481712394826056,0.0004003855255740587,"{""type"":""Polygon"",""coordinates"":[[[-38.550465304844806,63.7422277406702],[-38.6056022431005,63.5243879281598],[-38.118276378243,63.4990592249793],[-38.0590165805185,63.716659828184206],[-38.550465304844806,63.7422277406702]]]}"
00000000000000002958,610400468.7979347,0.0,331,2017-07-23,0.0,0.0141476322901899,0.00014025197943432662,137,0.0071230807723239,0.00010159068696659224,Landsat8,0.0,0.9693446552016488,0.00020133429854780495,682595.048495577,0.0093846317358373,0.0001146293000228324,"{""type"":""Polygon"",""coordinates"":[[[-54.94057300876019,67.5531356495249],[-54.8411317364279,67.3341576497001],[-54.27260175498671,67.3710514776063],[-54.3665099336931,67.5904265305572],[-54.94057300876019,67.5531356495249]]]}"
00000000000000002d42,637282311.572984,0.0,169,2019-03-06,0.0348799510464634,0.0,0.0,149,0.0,0.0,Landsat8,0.9651200489535364,0.0,0.0,2770607.976470588,0.0,0.0,"{""type"":""Polygon"",""coordinates"":[[[139.398705295066,75.0369296540827],[139.467158996689,75.2633181602181],[138.576334322667,75.2792482576299],[138.521453328467,75.0526081184848],[139.398705295066,75.0369296540827]]]}"
0000000000000000446d,641985144.4470363,0.0,246,2024-05-03,0.0,0.4892543291279613,0.00030134987777472125,209,0.3186937157383395,0.00029805359532754784,Sentinel2,0.0,0.1000285978818041,0.0001918209049857523,718971.76268666,0.0920233572518953,0.00016958241721944258,"{""type"":""Polygon"",""coordinates"":[[[32.69198445263249,77.061204735783],[31.701429950558097,77.0106895831654],[31.930682363031703,76.7888115639583],[32.9052431718153,76.838446757081],[32.69198445263249,77.061204735783]]]}"
00000000000000002cb7,625048658.3603047,0.0,152,2019-03-24,0.0,3.246950807004297e-05,1.107211445521872e-06,147,0.0018430691621611,1.2247725086196886e-06,Sentinel2,0.9981230665179288,7.16959635434625e-07,5.684838144672649e-07,2161725.901999032,6.778522044591566e-07,5.525040963198086e-07,"{""type"":""Polygon"",""coordinates"":[[[139.879273756927,71.1715550616379],[139.939215514421,71.3956367985195],[139.236394775076,71.4136327108621],[139.184916102548,71.1893218863117],[139.879273756927,71.1715550616379]]]}"
0000000000000000106b,625762167.8159206,0.0,278,2023-08-07,0.0,0.456523180988014,0.0002881218958575524,86,0.0131109921592616,0.000134605547135587,Sentinel2,0.0,0.1168559263906934,0.00027334264415934835,700276.374828858,0.413509900462031,0.0001817112089713857,"{""type"":""Polygon"",""coordinates"":[[[-102.094757139219,71.46495401541681],[-101.50481538454501,71.3417603178117],[-101.11304059505,71.5289712147135],[-101.706436792416,71.6535075801376],[-102.094757139219,71.46495401541681]]]}"
00000000000000004716,520811671.9834856,0.0,189,2020-03-08,0.0,3.1450073904900454e-05,4.6745278934594656e-06,222,0.1335408027106317,5.916757894074592e-06,Sentinel2,0.8664082705647896,9.318456500397895e-06,2.5657369719409924e-06,1413416.9115935392,1.0158194173352229e-05,2.627313252494568e-06,"{""type"":""Polygon"",""coordinates"":[[[78.4951846154551,71.3417603178117],[77.9052428607811,71.46495401541681],[77.81247696090469,71.41920208508252],[77.78401775195829,71.22224163347713],[78.1113419029888,71.1538061693687],[78.4951846154551,71.3417603178117]]]}"
000000000000000048d6,620439691.8617728,0.0,274,2017-10-23,0.0,0.0245302700614366,0.00018534858580759948,231,0.0191068498417399,0.00016410169504236773,Sentinel2,0.0,0.3888474693493063,0.0004601194493359437,694067.775881885,0.567515410747517,0.0004796928220731671,"{""type"":""Polygon"",""coordinates"":[[[17.549002288504102,70.1676092969056],[16.9661481658136,70.0632628039628],[17.271742633159295,69.865212516633],[17.850318359699003,69.9684461226765],[17.549002288504102,70.1676092969056]]]}"
000000000000000019ce,367543188.6382683,0.0,160,2022-04-01,0.0,0.0,0.0,104,0.0,0.0,Sentinel2,1.0,0.0,0.0,1168263.8745098035,0.0,0.0,"{""type"":""Polygon"",""coordinates"":[[[168.8451611936033,69.64602066211204],[168.86657175666844,69.65867181497238],[168.87679960201265,69.6647175095704],[169.07665415804897,69.78221190954541],[169.1743482153352,69.83916984735916],[168.870810668371,69.9097493603049],[168.511018756356,69.7234045176043],[168.8451611936033,69.64602066211204]]]}"
00000000000000004d11,609823891.3968469,0.0,232,2017-04-03,0.0,0.0247772711294502,0.00016387185095995284,253,0.007806505327696,0.0001058383746188694,Sentinel2,0.0,0.37465051510691,0.000352562411335582,681783.4133757139,0.5927657084359436,0.00033208733511180214,"{""type"":""Polygon"",""coordinates"":[[[46.1573330651232,67.4326888622096],[45.57872556410231,67.4360562343922],[45.5729386962518,67.2138743417779],[46.145762835316006,67.2105431295621],[46.1573330651232,67.4326888622096]]]}"
